<?xml version="1.0" encoding="UTF-8"?>
<project name="exercise WCMS tasks" default="setup">
	
	<loadproperties srcfile="../lib/exercise.properties" />
	
	<!-- Import stop-server and clean-slate targets -->
	<import file="../lib/utility.xml"/>
		
	<path id="basedir.path">
		<pathelement path="${basedir}" />
	</path>
	<pathconvert property="currentDir" targetos="unix" refid="basedir.path" />	

	<!-- import task definitions to support if/then/else -->
	<taskdef resource="net/sf/antcontrib/antcontrib.properties">
		<classpath>
			<pathelement location="../lib/ant-contrib-1.0b3.jar" />
		</classpath>
	</taskdef>

	<!--variables -->
	<property name="extension.name" value="trainingwcms" />
	<property name="setup.source.dir" value="resources" />
	<property name="solution.source.dir" value="solution" />
	<property name="target.extensiondir" value="${hybris.root.path}/bin/custom/${extension.name}" />
	<property name="target.resdir" value="${hybris.root.path}/bin/custom/${extension.name}/resources" />
	<property name="target.javadir" value="${hybris.root.path}/bin/custom/${extension.name}/src" />
	<property name="target.frontend" value="${hybris.root.path}/bin/modules/base-accelerator/yacceleratorstorefront/web" />
	<property name="target.webdir" value="${target.frontend}/webroot/WEB-INF" />


	<!--###### WCMS Exercise - Setup ######-->

	<target name="setup" depends="generate_extension" description="generate trainingwcms extension">

		<!-- We just need the extension built -->
			
	</target>



	<!--###### Example Exercise - Solution ######-->


	<target name="solution" depends="generate_extension,stop-server" description="copy finished wcms exercise">

		<!-- copy item type definition and associated localization file-->
		<copy file="${solution.source.dir}/${extension.name}-items.xml" 
		    tofile="${target.resdir}/${extension.name}-items.xml" overwrite="true" />
		<copy file="${solution.source.dir}/${extension.name}-locales_en.properties" 
		    tofile="${target.resdir}/localization/${extension.name}-locales_en.properties" overwrite="true" />
		<copy file="${solution.source.dir}/extensioninfo.xml" 
		    tofile="${target.extensiondir}/extensioninfo.xml" overwrite="true" />

		
        <!-- copy files supporting our upsideDownProductCarouselCommponent -->
        <copy file="${solution.source.dir}/UpsideDownProductCarouselComponentController.java" 
		    tofile="${target.frontend}/src/de/hybris/platform/yacceleratorstorefront/controllers/cms/UpsideDownProductCarouselComponentController.java" />

		<copy file="${solution.source.dir}/upsidedownproductcarouselcomponent.jsp" 
		    tofile="${target.webdir}/views/responsive/cms/upsidedownproductcarouselcomponent.jsp" overwrite="true" />
		<copy file="${solution.source.dir}/upsideDownProductPrimaryImage.tag" 
		    tofile="${target.webdir}/tags/responsive/product/upsideDownProductPrimaryImage.tag" overwrite="true" />
		<copy file="${solution.source.dir}/upsideDownProductPrimaryReferenceImage.tag" 
		    tofile="${target.webdir}/tags/responsive/product/upsideDownProductPrimaryReferenceImage.tag" overwrite="true" />
  
        <!-- Copy projectdata file to add component to wide and then to the Section3 slot -->
		<mkdir dir="${target.resdir}/impex"/>
		<copy file="${solution.source.dir}/projectdata-${extension.name}.impex" 
		    tofile="${target.resdir}/impex/projectdata-${extension.name}.impex" overwrite="true" />

		<!-- build the platform -->
		<ant antfile="build.xml" target="updatesystem" dir="${hybris.root.path}/bin/platform">
		   <property name="configFile" value="${currentDir}/${solution.source.dir}/config.json" />
		</ant>
			
	</target>


	<!--###### WCMS Exercise - utility targets ######-->

	<target name="generate_extension" description="create fresh extension">

        <!-- Reset system back to a clean slate (state following setup) -->
        <antcall target="clean-slate"/>
        
        <!-- create archive directory if not already present -->
		<mkdir dir="${installation.folder}/archive"/>
		
		<!-- if extension already present in custom, timestamp and move to archive directory -->
		<if>
		    <available file="${hybris.root.path}/bin/custom/${extension.name}" type="dir" />
		    <then>
                <!-- archive wcms folder (if present) -->
                <tstamp>
        	        <format property="TIMESTAMP" pattern="yyyy.MM.dd_hh.mm"/>
                </tstamp>
                <move file="${hybris.root.path}/bin/custom/${extension.name}"
        	        tofile="${installation.folder}/archive/${extension.name}_${TIMESTAMP}"/>
        	</then>
        </if>

		<!-- remove ${extension.name} from localextensions.xml (if present) -->
		<java classpath="../lib/groovy-all-1.0-2.5.4.jar" classname="groovy.ui.GroovyMain">
			<!-- <arg value="update_localextensions.groovy"/> -->
			<arg value="../lib/update_localextensions.groovy"/>
			<arg value="remove"/>
			<arg value="${extension.name}"/>
			<arg value="${hybris.root.path}/config/localextensions.xml"/>
		</java>

		<!-- clean the platform -->
		<ant antfile="build.xml" target="clean" dir="${hybris.root.path}/bin/platform" />

		<!-- generate the wcms extension -->
		<ant antfile="build.xml" target="extgen" dir="${hybris.root.path}/bin/platform">
			<property name="input.template" value="yempty" />
			<property name="input.name" value="${extension.name}" />
			<property name="input.package" value="my.commerce.${extension.name}" />
			<property name="ext.yempty.path" value="${yempty.dir}" />		
		</ant>

		<!-- add ${extension.name} to localextensions.xml -->
		<java classpath="../lib/groovy-all-1.0-2.5.4.jar" classname="groovy.ui.GroovyMain">
			<arg value="../lib/update_localextensions.groovy"/>
			<arg value="add"/>
			<arg value="${extension.name}"/>
			<arg value="${hybris.root.path}/config/localextensions.xml"/>
		</java>

		<!-- defer building the platform -->

	</target>

</project>
