<?xml version="1.0" encoding="ISO-8859-1"?>
<!--
 [y] hybris Platform

 Copyright (c) 2017 SAP SE or an SAP affiliate company.  All rights reserved.

 This software is the confidential and proprietary information of SAP
 ("Confidential Information"). You shall not disclose such Confidential
 Information and shall use it only in accordance with the terms of the
 license agreement you entered into with SAP.
-->
<!--
	ATTENTION: This is just an example file. You have to edit it according to your needs.
-->

<items 	xmlns:xsi="http://www.w3.org/2001/XMLSchema-instance" 
			xsi:noNamespaceSchemaLocation="items.xsd">

	<enumtypes>

		<enumtype code="MonitorSystemArea" dynamic="false" autocreate="false">
			<value code="HOT_FOLDER" />
		</enumtype>

		<enumtype code="MonitorStep" dynamic="false" autocreate="false">
			<value code="DOWNLOADED" />
			<value code="FILE_ROUTED" />
			<value code="FILE_UNZIPPED" />
			<value code="HEADER_SETUP" />
			<value code="HEADER_INIT" />
			<value code="HEADER_TRANSFORMED" />
			<value code="HEADER_EXECUTED" />
			<value code="HEADER_CLEANUP" />
		</enumtype>

	</enumtypes>

</items>
