{
	"info": {
		"_postman_id": "6da2ead0-5b3d-1f4f-d95d-65a225504265",
		"name": "HybrisWebService",
		"schema": "https://schema.getpostman.com/json/collection/v2.1.0/collection.json"
	},
	"item": [
		{
			"name": "RegUserFlow",
			"item": [
				{
					"name": "Req1-Searches for a specific product",
					"request": {
						"method": "GET",
						"header": [],
						"url": {
							"raw": "https://localhost:9002/rest/v2/electronics/products/search?query=camera&pageSize=40&fields=products(code,description,summary,price),pagination",
							"protocol": "https",
							"host": [
								"localhost"
							],
							"port": "9002",
							"path": [
								"rest",
								"v2",
								"electronics",
								"products",
								"search"
							],
							"query": [
								{
									"key": "query",
									"value": "camera"
								},
								{
									"key": "pageSize",
									"value": "40"
								},
								{
									"key": "fields",
									"value": "products(code,description,summary,price),pagination"
								}
							]
						}
					},
					"response": []
				},
				{
					"name": "Req2-Get product details",
					"request": {
						"method": "GET",
						"header": [],
						"url": {
							"raw": "https://hybris.local:9002/rest/v2/electronics/products/300938",
							"protocol": "https",
							"host": [
								"hybris",
								"local"
							],
							"port": "9002",
							"path": [
								"rest",
								"v2",
								"electronics",
								"products",
								"300938"
							]
						}
					},
					"response": []
				},
				{
					"name": "Req3--Create an empty cart",
					"request": {
						"method": "POST",
						"header": [
							{
								"key": "access_token",
								"value": "1dd857eb-89cd-43b4-8d89-f3d9d2fe5d85",
								"disabled": true
							}
						],
						"body": {
							"mode": "formdata",
							"formdata": [],
							"options": {
								"formdata": {}
							}
						},
						"url": {
							"raw": "https://hybris.local:9002/rest/v2/electronics/users/anonymous/carts",
							"protocol": "https",
							"host": [
								"hybris",
								"local"
							],
							"port": "9002",
							"path": [
								"rest",
								"v2",
								"electronics",
								"users",
								"anonymous",
								"carts"
							],
							"query": [
								{
									"key": "catalog",
									"value": "electronicsProductCatalog",
									"disabled": true
								},
								{
									"key": "version",
									"value": "Staged",
									"disabled": true
								},
								{
									"key": "currentPage",
									"value": "0",
									"disabled": true
								},
								{
									"key": "pageSize",
									"value": "30",
									"disabled": true
								},
								{
									"key": "fields",
									"value": "BASIC%2Cproducts%28BASIC%2Cdescription%2Csummary%2Cimages%28FULL%29%2Ccategories%28BASIC%29%2CproductReferences%28DEFAULT%29%2CbaseOptions%28DEFAULT%29%2CvariantO",
									"disabled": true
								}
							]
						}
					},
					"response": []
				},
				{
					"name": "Req4--Adds product with code 489702 to the cart with guid",
					"request": {
						"method": "POST",
						"header": [],
						"body": {
							"mode": "formdata",
							"formdata": [],
							"options": {
								"formdata": {}
							}
						},
						"url": {
							"raw": "https://hybris.local:9002/rest/v2/electronics/users/anonymous/carts/c695e5c2-da4e-4675-aa57-d00c4a65b287/entries?code=489702",
							"protocol": "https",
							"host": [
								"hybris",
								"local"
							],
							"port": "9002",
							"path": [
								"rest",
								"v2",
								"electronics",
								"users",
								"anonymous",
								"carts",
								"c695e5c2-da4e-4675-aa57-d00c4a65b287",
								"entries"
							],
							"query": [
								{
									"key": "code",
									"value": "489702"
								}
							]
						}
					},
					"response": []
				},
				{
					"name": "Req5--Retrieves an access token that will be sent for next requests",
					"request": {
						"method": "POST",
						"header": [],
						"body": {
							"mode": "formdata",
							"formdata": [],
							"options": {
								"formdata": {}
							}
						},
						"url": {
							"raw": "https://localhost:9002/authorizationserver/oauth/token?client_id=trusted_client&client_secret=secret\n&grant_type=password&username=akshay.uce@gmail.com&password=test1212",
							"protocol": "https",
							"host": [
								"localhost"
							],
							"port": "9002",
							"path": [
								"authorizationserver",
								"oauth",
								"token"
							],
							"query": [
								{
									"key": "client_id",
									"value": "trusted_client"
								},
								{
									"key": "client_secret",
									"value": "secret\n"
								},
								{
									"key": "grant_type",
									"value": "password"
								},
								{
									"key": "username",
									"value": "akshay.uce@gmail.com"
								},
								{
									"key": "password",
									"value": "test1212"
								}
							]
						}
					},
					"response": []
				},
				{
					"name": "Req6--Assigns anonymous cart to user and returns this cart",
					"request": {
						"method": "POST",
						"header": [
							{
								"key": "Authorization",
								"value": "bearer 6e89d972-fc41-4382-b888-f3883ca7b33f"
							}
						],
						"body": {
							"mode": "formdata",
							"formdata": []
						},
						"url": {
							"raw": "https://hybris.local:9002/rest/v2/electronics/users/akshay.uce@gmail.com/carts?oldCartId=5625a611-55c8-4b14-89e8-9075d24a0968\n",
							"protocol": "https",
							"host": [
								"hybris",
								"local"
							],
							"port": "9002",
							"path": [
								"rest",
								"v2",
								"electronics",
								"users",
								"akshay.uce@gmail.com",
								"carts"
							],
							"query": [
								{
									"key": "oldCartId",
									"value": "5625a611-55c8-4b14-89e8-9075d24a0968\n"
								}
							]
						}
					},
					"response": []
				},
				{
					"name": "Req7--Gets a cart that contains a product",
					"request": {
						"method": "GET",
						"header": [
							{
								"key": "Authorization",
								"value": "bearer 6e89d972-fc41-4382-b888-f3883ca7b33f"
							}
						],
						"url": {
							"raw": "https://hybris.local:9002/myws/v2/electronics/users/akshay.uce@gmail.com/carts/00005001",
							"protocol": "https",
							"host": [
								"hybris",
								"local"
							],
							"port": "9002",
							"path": [
								"myws",
								"v2",
								"electronics",
								"users",
								"akshay.uce@gmail.com",
								"carts",
								"00005001"
							]
						}
					},
					"response": []
				},
				{
					"name": "Req8--Gets the current user addresses",
					"request": {
						"method": "GET",
						"header": [
							{
								"key": "Authorization",
								"value": "bearer 6e89d972-fc41-4382-b888-f3883ca7b33f"
							}
						],
						"url": {
							"raw": "https://hybris.local:9002/rest/v2/electronics/users/akshay.uce@gmail.com/addresses",
							"protocol": "https",
							"host": [
								"hybris",
								"local"
							],
							"port": "9002",
							"path": [
								"rest",
								"v2",
								"electronics",
								"users",
								"akshay.uce@gmail.com",
								"addresses"
							]
						}
					},
					"response": []
				},
				{
					"name": "Req9--Sets address with ID 8796158754839 as the delivery address",
					"request": {
						"method": "PUT",
						"header": [
							{
								"key": "Authorization",
								"value": "bearer 6e89d972-fc41-4382-b888-f3883ca7b33f"
							}
						],
						"body": {
							"mode": "formdata",
							"formdata": []
						},
						"url": {
							"raw": "https://hybris.local:9002/myws/v2/electronics/users/akshay.uce@gmail.com/carts/00005001/addresses/delivery?addressId=8796158590999",
							"protocol": "https",
							"host": [
								"hybris",
								"local"
							],
							"port": "9002",
							"path": [
								"myws",
								"v2",
								"electronics",
								"users",
								"akshay.uce@gmail.com",
								"carts",
								"00005001",
								"addresses",
								"delivery"
							],
							"query": [
								{
									"key": "addressId",
									"value": "8796158590999"
								}
							]
						}
					},
					"response": []
				},
				{
					"name": "Req10--Gets the delivery modes; response should contain a value",
					"request": {
						"method": "GET",
						"header": [
							{
								"key": "Authorization",
								"value": "bearer 6e89d972-fc41-4382-b888-f3883ca7b33f"
							}
						],
						"url": {
							"raw": "https://hybris.local:9002/myws/v2/electronics/users/akshay.uce@gmail.com/carts/00005001/deliverymodes",
							"protocol": "https",
							"host": [
								"hybris",
								"local"
							],
							"port": "9002",
							"path": [
								"myws",
								"v2",
								"electronics",
								"users",
								"akshay.uce@gmail.com",
								"carts",
								"00005001",
								"deliverymodes"
							]
						}
					},
					"response": []
				},
				{
					"name": "Req11--Sets premium-gross as the current delivery mode",
					"request": {
						"method": "PUT",
						"header": [
							{
								"key": "Authorization",
								"value": "bearer 6e89d972-fc41-4382-b888-f3883ca7b33f"
							}
						],
						"body": {
							"mode": "formdata",
							"formdata": []
						},
						"url": {
							"raw": "https://hybris.local:9002/myws/v2/electronics/users/akshay.uce@gmail.com/carts/00005001/deliverymode?deliveryModeId=premium-gross",
							"protocol": "https",
							"host": [
								"hybris",
								"local"
							],
							"port": "9002",
							"path": [
								"myws",
								"v2",
								"electronics",
								"users",
								"akshay.uce@gmail.com",
								"carts",
								"00005001",
								"deliverymode"
							],
							"query": [
								{
									"key": "deliveryModeId",
									"value": "premium-gross"
								}
							]
						}
					},
					"response": []
				},
				{
					"name": "Req12--Gets credit card payment information that was previously saved during checkout",
					"request": {
						"method": "GET",
						"header": [
							{
								"key": "Authorization",
								"value": "bearer 6e89d972-fc41-4382-b888-f3883ca7b33f"
							}
						],
						"url": {
							"raw": "https://hybris.local:9002/myws/v2/electronics/users/akshay.uce@gmail.com/paymentdetails?saved=true",
							"protocol": "https",
							"host": [
								"hybris",
								"local"
							],
							"port": "9002",
							"path": [
								"myws",
								"v2",
								"electronics",
								"users",
								"akshay.uce@gmail.com",
								"paymentdetails"
							],
							"query": [
								{
									"key": "saved",
									"value": "true"
								}
							]
						}
					},
					"response": []
				},
				{
					"name": "Req13--Assigns payment information to a cart with ID 8796158591018 (retrieved in the previous step)",
					"request": {
						"method": "PUT",
						"header": [
							{
								"key": "Authorization",
								"value": "bearer 6e89d972-fc41-4382-b888-f3883ca7b33f"
							}
						],
						"body": {
							"mode": "formdata",
							"formdata": []
						},
						"url": {
							"raw": "https://hybris.local:9002/myws/v2/electronics/users/akshay.uce@gmail.com/carts/00005001/paymentdetails?paymentDetailsId=8796093055018",
							"protocol": "https",
							"host": [
								"hybris",
								"local"
							],
							"port": "9002",
							"path": [
								"myws",
								"v2",
								"electronics",
								"users",
								"akshay.uce@gmail.com",
								"carts",
								"00005001",
								"paymentdetails"
							],
							"query": [
								{
									"key": "paymentDetailsId",
									"value": "8796093055018"
								}
							]
						}
					},
					"response": []
				},
				{
					"name": "Req14--Authorizes the cart and places an order",
					"request": {
						"method": "POST",
						"header": [
							{
								"key": "Authorization",
								"value": "bearer 6e89d972-fc41-4382-b888-f3883ca7b33f"
							}
						],
						"body": {
							"mode": "formdata",
							"formdata": []
						},
						"url": {
							"raw": "https://hybris.local:9002/myws/v2/electronics/users/akshay.uce@gmail.com/orders?cartId=00005001&securityCode=123",
							"protocol": "https",
							"host": [
								"hybris",
								"local"
							],
							"port": "9002",
							"path": [
								"myws",
								"v2",
								"electronics",
								"users",
								"akshay.uce@gmail.com",
								"orders"
							],
							"query": [
								{
									"key": "cartId",
									"value": "00005001"
								},
								{
									"key": "securityCode",
									"value": "123"
								}
							]
						}
					},
					"response": []
				},
				{
					"name": "Req15--Gets orders for a user",
					"request": {
						"method": "GET",
						"header": [
							{
								"key": "Authorization",
								"value": "bearer 6e89d972-fc41-4382-b888-f3883ca7b33f"
							}
						],
						"url": {
							"raw": "https://hybris.local:9002/myws/v2/electronics/users/akshay.uce@gmail.com/orders",
							"protocol": "https",
							"host": [
								"hybris",
								"local"
							],
							"port": "9002",
							"path": [
								"myws",
								"v2",
								"electronics",
								"users",
								"akshay.uce@gmail.com",
								"orders"
							]
						}
					},
					"response": []
				},
				{
					"name": "Req16--Gets information about order with code 00005002",
					"request": {
						"method": "GET",
						"header": [
							{
								"key": "Authorization",
								"value": "bearer 6e89d972-fc41-4382-b888-f3883ca7b33f"
							}
						],
						"url": {
							"raw": "https://hybris.local:9002/myws/v2/electronics/users/akshay.uce@gmail.com/orders/00005002",
							"protocol": "https",
							"host": [
								"hybris",
								"local"
							],
							"port": "9002",
							"path": [
								"myws",
								"v2",
								"electronics",
								"users",
								"akshay.uce@gmail.com",
								"orders",
								"00005002"
							]
						}
					},
					"response": []
				}
			],
			"protocolProfileBehavior": {}
		},
		{
			"name": "GuestUserFlow",
			"item": [],
			"auth": {
				"type": "basic",
				"basic": [
					{
						"key": "password",
						"value": "hybristest",
						"type": "string"
					},
					{
						"key": "username",
						"value": "trusted_client",
						"type": "string"
					}
				]
			},
			"event": [
				{
					"listen": "prerequest",
					"script": {
						"id": "ee6b37fb-5204-4d9a-acb8-99f423fc65c5",
						"type": "text/javascript",
						"exec": [
							""
						]
					}
				},
				{
					"listen": "test",
					"script": {
						"id": "e33ab3b0-0d90-45fa-9b7f-92e651bab056",
						"type": "text/javascript",
						"exec": [
							""
						]
					}
				}
			],
			"protocolProfileBehavior": {}
		}
	],
	"auth": {
		"type": "basic",
		"basic": [
			{
				"key": "password",
				"value": "hybristest",
				"type": "string"
			},
			{
				"key": "username",
				"value": "trusted_client",
				"type": "string"
			}
		]
	},
	"event": [
		{
			"listen": "prerequest",
			"script": {
				"id": "a79e44cc-1a21-42ac-86c3-41c1b6f57a51",
				"type": "text/javascript",
				"exec": [
					""
				]
			}
		},
		{
			"listen": "test",
			"script": {
				"id": "2297a3ed-7779-4819-a5c4-d2875b2d4839",
				"type": "text/javascript",
				"exec": [
					""
				]
			}
		}
	],
	"protocolProfileBehavior": {}
}