<?xml version="1.0" encoding="UTF-8" standalone="yes"?>
<!--
 [y] hybris Platform

 Copyright (c) 2017 SAP SE or an SAP affiliate company.  All rights reserved.

 This software is the confidential and proprietary information of SAP
 ("Confidential Information"). You shall not disclose such Confidential
 Information and shall use it only in accordance with the terms of the
 license agreement you entered into with SAP.
-->
<config xmlns="http://www.hybris.com/cockpit/config">
    <context merge-by="module" parent="auto" component="explorer-tree">
        <explorer-tree:explorer-tree xmlns:explorer-tree="http://www.hybris.com/cockpitng/config/explorertree">
            <explorer-tree:navigation-node id="hmc.cloudcommons">
                <explorer-tree:type-node code="MonitorHistoryData" id="type_tree_monitorhistorydata"/>
                <explorer-tree:type-node code="ApplicationResourceLock" id="type_tree_applicationresourcelock"/>
                <explorer-tree:type-node code="MetadataStoreEntry" id="type_tree_metadatastoreentry"/>
            </explorer-tree:navigation-node>
        </explorer-tree:explorer-tree>
    </context>
    <context type="MonitorHistoryData" component="base" merge-by="type" >
        <y:base xmlns:y="http://www.hybris.com/cockpit/config/hybris">
            <y:labels>
                <y:label>systemArea + " " + status + " " + key</y:label>
            </y:labels>
        </y:base>
    </context>
    <context type="MonitorHistoryData" component="advanced-search" merge-by="type">
        <advanced-search:advanced-search xmlns:advanced-search="http://www.hybris.com/cockpitng/config/advancedsearch">
            <advanced-search:field-list>
                <advanced-search:field xmlns="http://www.hybris.com/cockpitng/config/advancedsearch" name="systemArea" selected="true"/>
                <advanced-search:field xmlns="http://www.hybris.com/cockpitng/config/advancedsearch" name="status" selected="true"/>
                <advanced-search:field xmlns="http://www.hybris.com/cockpitng/config/advancedsearch" name="key" selected="true"/>
            </advanced-search:field-list>
        </advanced-search:advanced-search>
    </context>
    <context type="MonitorHistoryData" component="listview" merge-by="type">
        <list-view:list-view xmlns:list-view="http://www.hybris.com/cockpitng/component/listView">
            <list-view:column qualifier="systemArea"/>
            <list-view:column qualifier="status"/>
            <list-view:column qualifier="key"/>
        </list-view:list-view>
    </context>
    <context type="MonitorHistoryData" component="editor-area" merge-by="type">
        <editorArea:editorArea xmlns:editorArea="http://www.hybris.com/cockpitng/component/editorArea">
            <editorArea:essentials>
                <editorArea:essentialSection name="hmc.essential">
                    <editorArea:attribute xmlns="http://www.hybris.com/cockpitng/component/editorArea" qualifier="systemArea" readonly="true"/>
                    <editorArea:attribute xmlns="http://www.hybris.com/cockpitng/component/editorArea" qualifier="key" readonly="true"/>
                    <editorArea:attribute xmlns="http://www.hybris.com/cockpitng/component/editorArea" qualifier="status" readonly="true"/>
                </editorArea:essentialSection>
            </editorArea:essentials>
            <editorArea:tab name="hmc.tab.common">
                <editorArea:section name="hmc.properties">
                    <editorArea:attribute xmlns="http://www.hybris.com/cockpitng/component/editorArea"
                                          editor="com.hybris.cockpitng.editor.extendedmultireferenceeditor"
                                          qualifier="entries" readonly="true">
                        <editorArea:editor-parameter>
                            <editorArea:name>listConfigContext</editorArea:name>
                            <editorArea:value>referenceListView</editorArea:value>
                        </editorArea:editor-parameter>
                    </editorArea:attribute>
                    <editorArea:attribute xmlns="http://www.hybris.com/cockpitng/component/editorArea" qualifier="exceptionMessage" readonly="true">
                        <editor-parameter>
                            <name>rows</name>
                            <value>10</value>
                        </editor-parameter>
                    </editorArea:attribute>
                </editorArea:section>
            </editorArea:tab>
        </editorArea:editorArea>
    </context>
    <context type="MonitorHistoryEntryData" component="base" merge-by="type">
        <y:base xmlns:y="http://www.hybris.com/cockpit/config/hybris">
            <y:labels>
                <y:label>step + " " + status</y:label>
            </y:labels>
        </y:base>
    </context>
    <context type="MonitorHistoryEntryData" component="referenceListView" merge-by="type">
        <list-view:list-view xmlns:list-view="http://www.hybris.com/cockpitng/component/listView">
            <list-view:column qualifier="step"/>
            <list-view:column qualifier="status"/>
            <list-view:column qualifier="nodeId"/>
        </list-view:list-view>
    </context>
    <context type="MonitorHistoryEntryData" component="advanced-search" merge-by="type">
        <advanced-search:advanced-search xmlns:advanced-search="http://www.hybris.com/cockpitng/config/advancedsearch">
            <advanced-search:field-list>
                <advanced-search:field xmlns="http://www.hybris.com/cockpitng/config/advancedsearch" name="step" selected="true"/>
                <advanced-search:field xmlns="http://www.hybris.com/cockpitng/config/advancedsearch" name="status" selected="true"/>
                <advanced-search:field xmlns="http://www.hybris.com/cockpitng/config/advancedsearch" name="nodeId" selected="true"/>
                <advanced-search:field xmlns="http://www.hybris.com/cockpitng/config/advancedsearch" name="started" selected="true"/>
                <advanced-search:field xmlns="http://www.hybris.com/cockpitng/config/advancedsearch" name="ended" selected="true"/>
            </advanced-search:field-list>
        </advanced-search:advanced-search>
    </context>
    <context type="MonitorHistoryEntryData" component="editor-area" merge-by="type">
        <editorArea:editorArea xmlns:editorArea="http://www.hybris.com/cockpitng/component/editorArea">
            <editorArea:essentials>
                <editorArea:essentialSection name="hmc.essential">
                    <editorArea:attribute xmlns="http://www.hybris.com/cockpitng/component/editorArea" qualifier="step" readonly="true"/>
                    <editorArea:attribute xmlns="http://www.hybris.com/cockpitng/component/editorArea" qualifier="status" readonly="true"/>
                    <editorArea:attribute xmlns="http://www.hybris.com/cockpitng/component/editorArea" qualifier="nodeId" readonly="true"/>
                    <editorArea:attribute xmlns="http://www.hybris.com/cockpitng/component/editorArea" qualifier="monitorHistoryData" readonly="true"/>
                </editorArea:essentialSection>
            </editorArea:essentials>
            <editorArea:tab name="hmc.tab.common">
                <editorArea:section name="hmc.properties">
                    <editorArea:attribute xmlns="http://www.hybris.com/cockpitng/component/editorArea" qualifier="started" readonly="true"/>
                    <editorArea:attribute xmlns="http://www.hybris.com/cockpitng/component/editorArea" qualifier="ended" readonly="true"/>
                    <editorArea:attribute xmlns="http://www.hybris.com/cockpitng/component/editorArea" qualifier="duration" readonly="true"/>
                    <editorArea:attribute xmlns="http://www.hybris.com/cockpitng/component/editorArea" qualifier="message" readonly="true">
                        <editor-parameter>
                            <name>rows</name>
                            <value>5</value>
                        </editor-parameter>
                    </editorArea:attribute>
                    <editorArea:attribute xmlns="http://www.hybris.com/cockpitng/component/editorArea"
                                          editor="com.hybris.cockpitng.editor.extendedmultireferenceeditor"
                                          qualifier="actions" readonly="true">
                        <editorArea:editor-parameter>
                            <editorArea:name>listConfigContext</editorArea:name>
                            <editorArea:value>referenceListView</editorArea:value>
                        </editorArea:editor-parameter>
                    </editorArea:attribute>
                </editorArea:section>
            </editorArea:tab>
        </editorArea:editorArea>
    </context>
    <context type="MonitorHistoryEntryActionData" component="base" merge-by="type">
        <y:base xmlns:y="http://www.hybris.com/cockpit/config/hybris">
            <y:labels>
                <y:label>code + " " + status</y:label>
            </y:labels>
        </y:base>
    </context>
    <context type="MonitorHistoryEntryActionData" component="referenceListView" merge-by="type">
        <list-view:list-view xmlns:list-view="http://www.hybris.com/cockpitng/component/listView">
            <list-view:column qualifier="code"/>
            <list-view:column qualifier="status"/>
        </list-view:list-view>
    </context>
    <context type="MonitorHistoryEntryActionData" component="advanced-search" merge-by="type">
        <advanced-search:advanced-search xmlns:advanced-search="http://www.hybris.com/cockpitng/config/advancedsearch">
            <advanced-search:field-list>
                <advanced-search:field xmlns="http://www.hybris.com/cockpitng/config/advancedsearch" name="code" selected="true"/>
                <advanced-search:field xmlns="http://www.hybris.com/cockpitng/config/advancedsearch" name="status" selected="true"/>
                <advanced-search:field xmlns="http://www.hybris.com/cockpitng/config/advancedsearch" name="started" selected="true"/>
                <advanced-search:field xmlns="http://www.hybris.com/cockpitng/config/advancedsearch" name="ended" selected="true"/>
            </advanced-search:field-list>
        </advanced-search:advanced-search>
    </context>
    <context type="MonitorHistoryEntryActionData" component="editor-area" merge-by="type">
        <editorArea:editorArea xmlns:editorArea="http://www.hybris.com/cockpitng/component/editorArea">
            <editorArea:essentials>
                <editorArea:essentialSection name="hmc.essential">
                    <editorArea:attribute xmlns="http://www.hybris.com/cockpitng/component/editorArea" qualifier="code" readonly="true"/>
                    <editorArea:attribute xmlns="http://www.hybris.com/cockpitng/component/editorArea" qualifier="status" readonly="true"/>
                    <editorArea:attribute xmlns="http://www.hybris.com/cockpitng/component/editorArea" qualifier="monitorHistoryEntryData" readonly="true"/>
                </editorArea:essentialSection>
            </editorArea:essentials>
            <editorArea:tab name="hmc.tab.common">
                <editorArea:section name="hmc.properties">
                    <editorArea:attribute xmlns="http://www.hybris.com/cockpitng/component/editorArea" qualifier="started" readonly="true"/>
                    <editorArea:attribute xmlns="http://www.hybris.com/cockpitng/component/editorArea" qualifier="ended" readonly="true"/>
                    <editorArea:attribute xmlns="http://www.hybris.com/cockpitng/component/editorArea" qualifier="duration" readonly="true"/>
                    <editorArea:attribute xmlns="http://www.hybris.com/cockpitng/component/editorArea" qualifier="message" readonly="true">
                        <editor-parameter>
                            <name>rows</name>
                            <value>5</value>
                        </editor-parameter>
                    </editorArea:attribute>
                </editorArea:section>
            </editorArea:tab>
        </editorArea:editorArea>
    </context>

    <context type="ApplicationResourceLock" component="base" merge-by="type" >
        <y:base xmlns:y="http://www.hybris.com/cockpit/config/hybris">
            <y:labels>
                <y:label>region + " " + lockKey</y:label>
            </y:labels>
        </y:base>
    </context>
    <context type="ApplicationResourceLock" component="advanced-search" merge-by="type">
        <advanced-search:advanced-search xmlns:advanced-search="http://www.hybris.com/cockpitng/config/advancedsearch">
            <advanced-search:field-list>
                <advanced-search:field xmlns="http://www.hybris.com/cockpitng/config/advancedsearch" name="region" selected="true"/>
                <advanced-search:field xmlns="http://www.hybris.com/cockpitng/config/advancedsearch" name="lockKey" selected="true"/>
                <advanced-search:field xmlns="http://www.hybris.com/cockpitng/config/advancedsearch" name="clusterId" selected="true"/>
            </advanced-search:field-list>
        </advanced-search:advanced-search>
    </context>
    <context type="ApplicationResourceLock" component="listview" merge-by="type">
        <list-view:list-view xmlns:list-view="http://www.hybris.com/cockpitng/component/listView">
            <list-view:column qualifier="region"/>
            <list-view:column qualifier="lockKey"/>
            <list-view:column qualifier="clusterId"/>
        </list-view:list-view>
    </context>
    <context type="ApplicationResourceLock" component="editor-area" merge-by="type">
        <editorArea:editorArea xmlns:editorArea="http://www.hybris.com/cockpitng/component/editorArea">
            <editorArea:essentials>
                <editorArea:essentialSection name="hmc.essential">
                    <editorArea:attribute xmlns="http://www.hybris.com/cockpitng/component/editorArea" qualifier="region" readonly="true"/>
                    <editorArea:attribute xmlns="http://www.hybris.com/cockpitng/component/editorArea" qualifier="lockKey" readonly="true"/>
                    <editorArea:attribute xmlns="http://www.hybris.com/cockpitng/component/editorArea" qualifier="clusterId" readonly="true"/>
                </editorArea:essentialSection>
            </editorArea:essentials>
            <editorArea:tab name="hmc.tab.common">
                <editorArea:section name="hmc.properties">
                    <editorArea:attribute xmlns="http://www.hybris.com/cockpitng/component/editorArea" qualifier="timestamp" readonly="true"/>
                </editorArea:section>
            </editorArea:tab>
        </editorArea:editorArea>
    </context>

    <context type="MetadataStoreEntry" component="base" merge-by="type" >
        <y:base xmlns:y="http://www.hybris.com/cockpit/config/hybris">
            <y:labels>
                <y:label>region + " " + key</y:label>
            </y:labels>
        </y:base>
    </context>
    <context type="MetadataStoreEntry" component="advanced-search" merge-by="type">
        <advanced-search:advanced-search xmlns:advanced-search="http://www.hybris.com/cockpitng/config/advancedsearch">
            <advanced-search:field-list>
                <advanced-search:field xmlns="http://www.hybris.com/cockpitng/config/advancedsearch" name="region" selected="true"/>
                <advanced-search:field xmlns="http://www.hybris.com/cockpitng/config/advancedsearch" name="key" selected="true"/>
            </advanced-search:field-list>
        </advanced-search:advanced-search>
    </context>
    <context type="MetadataStoreEntry" component="listview" merge-by="type">
        <list-view:list-view xmlns:list-view="http://www.hybris.com/cockpitng/component/listView">
            <list-view:column qualifier="region"/>
            <list-view:column qualifier="key"/>
        </list-view:list-view>
    </context>
    <context type="MetadataStoreEntry" component="editor-area" merge-by="type">
        <editorArea:editorArea xmlns:editorArea="http://www.hybris.com/cockpitng/component/editorArea">
            <editorArea:essentials>
                <editorArea:essentialSection name="hmc.essential">
                    <editorArea:attribute xmlns="http://www.hybris.com/cockpitng/component/editorArea" qualifier="region" readonly="true"/>
                    <editorArea:attribute xmlns="http://www.hybris.com/cockpitng/component/editorArea" qualifier="key" readonly="true"/>
                </editorArea:essentialSection>
            </editorArea:essentials>
            <editorArea:tab name="hmc.tab.common">
                <editorArea:section name="hmc.properties">
                    <editorArea:attribute xmlns="http://www.hybris.com/cockpitng/component/editorArea" qualifier="value" readonly="true"/>
                </editorArea:section>
            </editorArea:tab>
        </editorArea:editorArea>
    </context>
</config>
